{"cov_regularizer_t0":0,"penalty_t4":0.001470605950598669,"complexity_reg_t4":4.9619187060209554e-05,"penalty_t0":0.18117718610488698,"_wandb":{"runtime":929},"mle_loss_t2":-7.477808425271848,"sigma_0_1_t4":0.7963754600728093,"structure_loss_t3":0,"cov_regularizer_t5":0,"score_t4":2.3805202521247395,"total_loss_t2":-0.04270862290247124,"total_loss_t5":0.00681624320324251,"total_loss_t0":-0.470378929342123,"cycle_loss_t4":0.001470605950598669,"sigma_0_1_t5":0.7621563260594904,"structure_loss_t4":0,"cycle_loss_t1":0.1561052480086229,"sigma_2_3_t4":0.5552449041007774,"complexity_reg_t0":4.4436322429577496e-05,"cycle_loss_t0":0.18117718610488698,"complexity_reg_t2":4.429255260801588e-05,"mle_loss_t3":-3.4502503381863905,"_step":33030,"mle_loss_t4":2.3793544905906265,"sigma_2_3_t2":0.7095301380970411,"cov_regularizer_t2":0,"score_t2":-7.47673589684556,"sparsity_reg_t0":0.0012270493399233243,"score_t3":-3.4492221473445333,"sigma_0_1_t3":1.0371929615223066,"mle_loss_t1":-4.496718496894882,"mle_loss_t5":2.002466476362386,"complexity_reg_t3":4.5959272057437205e-05,"complexity_reg_t1":4.8706185179701086e-05,"total_loss_t1":-0.06866609168352458,"penalty_t1":0.1561052480086229,"cov_regularizer_t3":0,"penalty_t5":0.0005539079176877237,"score_t0":-6.515561154470099,"penalty_t2":0.1442097745186678,"sparsity_reg_t2":0.0010282358736806298,"sparsity_reg_t3":0.000982231569799758,"cov_regularizer_t1":0,"sigma_2_3_t0":0.7948781025337549,"sigma_2_3_t1":0.9584183027803576,"structure_loss_t0":0,"sigma_2_3_t5":0.5801898502177962,"sparsity_reg_t1":0.0012429968667534569,"total_loss_t3":0.08205688773753333,"structure_loss_t5":0,"iteration":7999,"cycle_loss_t2":0.1442097745186678,"sigma_2_3_t3":0.5608659846533769,"score_t1":-4.49542679384295,"structure_loss_t2":0,"mle_loss_t0":-6.516832640132452,"sigma_0_1_t2":1.0366966977393737,"total_loss_t4":0.01634885752637829,"cycle_loss_t5":0.0005539079176877237,"cycle_loss_t3":0.12517216457934,"sigma_0_1_t1":1.140708048900261,"cov_regularizer_t4":0,"sparsity_reg_t5":0.0014286370734993338,"_timestamp":1.731939853729202e+09,"complexity_reg_t5":5.217794164587565e-05,"T":5,"score_t5":2.0039472913775316,"structure_loss_t1":0,"sparsity_reg_t4":0.0011161423470529965,"sigma_0_1_t0":1.1633729321816058,"_runtime":929.485417,"penalty_t3":0.12517216457934}