{"sparsity_reg_t0":0.004031733916612707,"complexity_reg_t0":0.0004889799602270373,"sigma_0_1_t0":0.17506762878216847,"_step":2301,"iteration":2301,"T":0,"cov_regularizer_t0":0,"penalty_t0":0.23741915154405735,"total_loss_t0":0.09939922208867155,"_wandb":{"runtime":71},"_timestamp":1.7319307367074938e+09,"cycle_loss_t0":0.1749871705384276,"_runtime":71.036039,"score_t0":-1.380199294553858,"mle_loss_t0":-1.3847200084306976,"structure_loss_t0":0.062431981005629744}