{"structure_loss_t1":6.404595836312366e-09,"structure_loss_t3":2.3422631970906535e-10,"structure_loss_t0":6.495907708785331e-08,"structure_loss_t2":1.133485265391622e-09,"_wandb":{"runtime":72624},"score_t3":1.3910326763992935,"T":5,"total_loss_t1":0.06818431683346468,"penalty_t2":0.0006776854426604071,"complexity_reg_t4":2.2231121337111685e-05,"sigma_0_1_t3":-6.014563784526722e-06,"penalty_t3":0.00016964638339391017,"structure_loss_t5":1.2525380411402675e-11,"sigma_0_1_t0":-0.00010032778161279227,"score_t1":1.3074193231192053,"sigma_0_1_t1":-3.147150153741539e-05,"total_loss_t0":0.130591371377935,"cov_regularizer_t5":0,"sparsity_reg_t5":0.001609686069167216,"mle_loss_t2":1.3624299478404094,"cycle_loss_t0":0.011903892326852628,"complexity_reg_t1":2.2178214861197444e-05,"mle_loss_t3":1.3894007858430069,"total_loss_t2":0.03477923070600512,"_step":33006,"sigma_0_1_t4":-2.0482522293257614e-06,"_runtime":220.897088,"total_loss_t4":0.008839138746859402,"complexity_reg_t2":2.2178835974659448e-05,"penalty_t4":6.1593413503571e-05,"sparsity_reg_t1":0.0016096256434591297,"mle_loss_t5":1.4093109042763063,"cov_regularizer_t1":0,"penalty_t1":0.0028133506775044163,"cycle_loss_t5":1.2185984539669903e-05,"score_t0":1.186874140920053,"total_loss_t5":0.004421382332081129,"cov_regularizer_t2":0,"complexity_reg_t0":2.2157022484536458e-05,"complexity_reg_t3":2.2202072361932322e-05,"penalty_t0":0.011903957285929715,"cov_regularizer_t0":0,"cov_regularizer_t3":0,"structure_loss_t4":2.7172743886244057e-11,"_timestamp":1.7333264824369001e+09,"total_loss_t3":0.01755755483838508,"penalty_t5":1.2185997065050314e-05,"sigma_0_1_t2":-1.3233743656835412e-05,"sparsity_reg_t0":0.0016094234333296161,"mle_loss_t0":1.1852425604642387,"sigma_0_1_t5":-1.3906519591449405e-06,"mle_loss_t1":1.3057875192608848,"cov_regularizer_t4":0,"cycle_loss_t2":0.0006776843091751417,"score_t2":1.3640618105337883,"cycle_loss_t3":0.00016964614916759047,"sparsity_reg_t4":0.0016098177320396177,"iteration":7999,"sparsity_reg_t3":0.0016096884839246293,"sparsity_reg_t2":0.001609683857404335,"score_t5":1.4109428272051452,"score_t4":1.4044072533369332,"cycle_loss_t4":6.159338633082712e-05,"complexity_reg_t5":2.223685967152437e-05,"cycle_loss_t1":0.00281334427290858,"mle_loss_t4":1.4027752044835564}