{"penalty_t5":0.0004486403572247941,"mle_loss_t2":-7.974225032012905,"total_loss_t0":-0.7659446289371616,"total_loss_t2":0.026718207320213683,"structure_loss_t3":0.01968573882933415,"mle_loss_t0":-11.14715172077153,"_step":33010,"complexity_reg_t2":0.000168546714904831,"complexity_reg_t5":0.00013567782128879696,"structure_loss_t2":0.032840031096612377,"complexity_reg_t1":0.00016209707449174292,"cycle_loss_t3":0.10390009956317581,"sparsity_reg_t2":0.0032705739439643313,"iteration":7999,"sigma_0_1_t5":0.000496155002337412,"total_loss_t1":-0.19590634257801798,"_wandb":{"runtime":498},"mle_loss_t1":-9.935553252876367,"sigma_0_1_t4":0.0030249918376692156,"penalty_t4":0.002202118641330775,"complexity_reg_t4":0.00013576534400282168,"cov_regularizer_t0":0,"structure_loss_t0":0.06128724696662019,"_runtime":498.972161,"T":5,"penalty_t1":0.3006996001180936,"sparsity_reg_t0":0.003310192876224072,"cov_regularizer_t5":0,"score_t1":-9.932118853922232,"complexity_reg_t0":0.00015977598296003826,"mle_loss_t5":1.2631936764424327,"cycle_loss_t2":0.19314782400745223,"total_loss_t3":0.08380663725257717,"penalty_t3":0.12358583839250996,"score_t0":-11.143681751912347,"sparsity_reg_t5":0.003245719700002142,"score_t3":-3.182336091194623,"penalty_t2":0.2259878551040646,"total_loss_t5":0.004406687463361431,"structure_loss_t4":2.1185949303560193e-06,"cov_regularizer_t4":0,"sigma_0_1_t2":-0.1353249366357804,"sigma_0_1_t3":-0.11745854492330604,"mle_loss_t4":1.0556006827814053,"cycle_loss_t0":0.2871362992874529,"cycle_loss_t4":0.002200000046400419,"sigma_0_1_t0":-0.18189368613918838,"mle_loss_t3":-3.1857477931322187,"penalty_t0":0.34842354625407307,"cov_regularizer_t2":0,"structure_loss_t5":9.037022617985327e-08,"structure_loss_t1":0.06277240741623114,"score_t2":-7.970785911354036,"score_t5":1.2665750739637238,"score_t4":1.0589549664663422,"cov_regularizer_t1":0,"cycle_loss_t5":0.00044854998699861426,"sparsity_reg_t1":0.0032723018796434254,"_timestamp":1.731774433187623e+09,"sparsity_reg_t4":0.003218518340934052,"total_loss_t4":0.008820587181745413,"sigma_0_1_t1":-0.17525622680997144,"complexity_reg_t3":0.00017092637020570508,"cov_regularizer_t3":0,"cycle_loss_t1":0.23792719270186247,"sparsity_reg_t3":0.003240775567390131}