{"_timestamp":1.7319354110833821e+09,"_runtime":932.586994,"total_loss_t0":0.2181729818319719,"total_loss_t4":0.014702014201288747,"sigma_0_1_t3":-3.943275806850755e-05,"score_t4":2.320462315407421,"mle_loss_t2":2.236496627418119,"mle_loss_t0":2.0502155654398835,"cycle_loss_t2":0.0014176235994687314,"sigma_2_3_t3":-7.566554821024402e-05,"score_t5":2.344287397748487,"cov_regularizer_t4":0,"structure_loss_t1":1.0929167619016557e-05,"penalty_t4":0.00019912472999236534,"sparsity_reg_t4":0.0012746732065850436,"iteration":7999,"sigma_0_1_t4":0.00014951775458971444,"complexity_reg_t1":4.8117662644604004e-05,"mle_loss_t5":2.3429665010307246,"complexity_reg_t2":4.8739959046026746e-05,"sparsity_reg_t5":0.0012720149844964656,"sparsity_reg_t3":0.0012813282797605667,"structure_loss_t4":3.12649079663857e-08,"T":5,"cov_regularizer_t0":0,"cycle_loss_t4":0.00019909346508439896,"_step":33003,"total_loss_t2":0.057363971498311454,"penalty_t3":0.0005112010871664656,"sigma_2_3_t2":-0.00042812298318140946,"sigma_2_3_t0":-0.01065045311562684,"cycle_loss_t3":0.0005111176355969693,"sparsity_reg_t2":0.0012825559444941312,"cycle_loss_t0":0.012795223140028344,"sigma_2_3_t5":1.2438760357917996e-05,"mle_loss_t3":2.284562878980116,"complexity_reg_t4":4.884776688960826e-05,"cycle_loss_t1":0.004157128570815516,"score_t1":2.1661790518578075,"complexity_reg_t0":4.689634017734728e-05,"penalty_t5":7.678630291629978e-05,"structure_loss_t2":6.49815801237897e-07,"structure_loss_t5":1.251168502263973e-08,"cycle_loss_t5":7.677379123127714e-05,"complexity_reg_t3":4.8962205232962504e-05,"total_loss_t5":0.007402684420880322,"complexity_reg_t5":4.888173326595885e-05,"sigma_2_3_t4":-4.5087711728978627e-07,"mle_loss_t4":2.3191387944339463,"score_t3":2.2858931694651092,"cov_regularizer_t2":0,"sigma_0_1_t1":-0.004146972080787395,"sigma_0_1_t5":0.0001513750984132532,"cov_regularizer_t1":0,"total_loss_t1":0.11247701033132491,"sparsity_reg_t1":0.0012775101673832851,"structure_loss_t3":8.34515694963199e-08,"sigma_2_3_t1":-0.002030818945603221,"sigma_0_1_t0":-0.018568224258722787,"sparsity_reg_t0":0.0012655853249985746,"cov_regularizer_t5":0,"structure_loss_t0":0.0002249539814375822,"mle_loss_t1":2.1648534240277795,"score_t0":2.0515280471050596,"score_t2":2.2378279233216594,"_wandb":{"runtime":932},"cov_regularizer_t3":0,"sigma_0_1_t2":-0.0009431471950893513,"total_loss_t3":0.029084865705480332,"penalty_t2":0.0014182734152699693,"penalty_t1":0.0041680577384345325,"penalty_t0":0.013020177121465927}