{"sigma_2_3_t1":0.007035426543308611,"penalty_t4":0.01796994617986491,"score_t5":-14.391105789926623,"total_loss_t0":-0.35177609577060637,"penalty_t0":0.050011095901718226,"total_loss_t2":-0.11194378082580378,"total_loss_t5":-0.034257178408120634,"score_t2":-6.738915623444887,"score_t1":-12.887223947690241,"iteration":7999,"sparsity_reg_t5":0.004146777124693009,"_wandb":{"runtime":931},"penalty_t5":0.010715027185400065,"sigma_2_3_t2":0.00023661826717411016,"score_t3":-8.48906161935094,"sigma_0_1_t1":0.15918082155978872,"mle_loss_t0":-4.022663367556659,"score_t0":-4.017871916723245,"structure_loss_t1":0.011574955537629661,"sigma_0_1_t5":0.08986569694220108,"score_t4":-10.343039200636705,"structure_loss_t3":0.014834775422057085,"cov_regularizer_t5":0,"complexity_reg_t4":0.000562921232070294,"structure_loss_t4":0.006963227011247294,"cycle_loss_t0":0.0409880200120023,"cov_regularizer_t3":0,"sparsity_reg_t4":0.0043012634294008235,"sigma_2_3_t0":0.03707574899438177,"complexity_reg_t1":0.0005279576442560744,"sigma_2_3_t5":0.0013428832126295767,"sigma_0_1_t0":0.174369883043548,"sigma_0_1_t3":0.12680053822449536,"penalty_t3":0.035048536857480724,"mle_loss_t4":-10.347903385298176,"_step":33005,"cycle_loss_t1":0.07171238761342735,"mle_loss_t3":-8.493628460692928,"penalty_t2":0.05652910976031841,"complexity_reg_t2":0.0004951695828640092,"sigma_0_1_t2":0.14444498462475178,"sparsity_reg_t3":0.004060568674797592,"cov_regularizer_t0":0,"cov_regularizer_t2":0,"T":5,"sparsity_reg_t1":0.004269564545171504,"penalty_t1":0.08328734315105701,"sigma_0_1_t4":0.1085672758388866,"sigma_2_3_t4":0.006645107767611791,"complexity_reg_t0":0.0005394124563025767,"mle_loss_t1":-12.89202146987967,"cycle_loss_t3":0.02021376143542364,"cov_regularizer_t4":0,"structure_loss_t2":0.010390484724949606,"sigma_2_3_t3":0.010188610475376923,"structure_loss_t5":0.0048784420124531255,"sparsity_reg_t2":0.004056559055491907,"complexity_reg_t3":0.0005062726671914004,"cycle_loss_t2":0.04613862503536881,"mle_loss_t2":-6.743467352083243,"structure_loss_t0":0.009023075889715924,"sparsity_reg_t0":0.00425203837711118,"complexity_reg_t5":0.0005194098958007316,"_runtime":931.524961,"mle_loss_t5":-14.395771976947117,"total_loss_t4":-0.046674048824114495,"cov_regularizer_t1":0,"_timestamp":1.731931760746052e+09,"total_loss_t3":-0.07106473338440603,"total_loss_t1":-0.5610738542334551,"cycle_loss_t5":0.00583658517294694,"cycle_loss_t4":0.011006719168617618}