{"complexity_reg_t5":4.892068414108028e-05,"total_loss_t0":0.21816980203464575,"cov_regularizer_t0":0,"score_t4":2.32192844968501,"cov_regularizer_t5":0,"cov_regularizer_t3":0,"penalty_t5":7.919688538869951e-05,"structure_loss_t5":1.2497941004549766e-08,"_timestamp":1.731938663493001e+09,"structure_loss_t4":3.139614869574294e-08,"sigma_0_1_t2":-0.0009433971752218528,"mle_loss_t1":2.164853770650477,"sigma_0_1_t5":0.0001537172484966154,"sparsity_reg_t1":0.001277357038095891,"total_loss_t3":0.029086146561765207,"penalty_t1":0.004172078549160654,"penalty_t3":0.0005112061370400703,"score_t2":2.237838188381209,"structure_loss_t1":1.0937057288353674e-05,"sigma_0_1_t4":0.00014593144861078407,"T":5,"penalty_t2":0.001418980691415012,"structure_loss_t3":8.363951934850771e-08,"penalty_t4":0.0001988742662692038,"score_t3":2.285995233978011,"complexity_reg_t4":4.862483304521852e-05,"mle_loss_t4":2.320608148876837,"score_t0":2.0516106647792998,"_step":33003,"sigma_2_3_t3":-7.59308807469144e-05,"cycle_loss_t5":7.918438744769496e-05,"score_t1":2.1661792383307192,"cov_regularizer_t1":0,"sparsity_reg_t2":0.0012825286534971724,"complexity_reg_t3":4.894742697104923e-05,"cycle_loss_t0":0.012783808714640132,"sigma_2_3_t0":-0.010649736797592117,"structure_loss_t0":0.00022492684207564909,"cov_regularizer_t2":0,"sigma_2_3_t1":-0.0020312832147130373,"total_loss_t2":0.057364935400945234,"score_t5":2.34351373633016,"sparsity_reg_t3":0.0012809812640728903,"cycle_loss_t3":0.0005111224975207218,"total_loss_t4":0.014710927076800518,"_runtime":969.881607,"cycle_loss_t4":0.00019884287012050805,"penalty_t0":0.013008735556715782,"cov_regularizer_t4":0,"sigma_2_3_t4":-4.1343691841491683e-07,"sigma_2_3_t2":-0.0004280438807185418,"cycle_loss_t1":0.0041611414918723,"structure_loss_t2":6.497834416257283e-07,"mle_loss_t2":2.236506921152441,"sparsity_reg_t0":0.0012655877323483054,"total_loss_t5":0.00740267731142045,"mle_loss_t3":2.2846653052869668,"sigma_2_3_t5":1.4296712176356428e-05,"total_loss_t1":0.11248104046569662,"_wandb":{"runtime":969},"sparsity_reg_t4":0.0012716759751275324,"complexity_reg_t1":4.811064214609442e-05,"sigma_0_1_t1":-0.004153741654868312,"mle_loss_t5":2.3421920236860347,"cycle_loss_t2":0.0014183309079733863,"mle_loss_t0":2.0502981785704586,"sigma_0_1_t3":-3.8347394756256435e-05,"iteration":7999,"complexity_reg_t0":4.6898476493051285e-05,"sigma_0_1_t0":-0.01856237518239659,"complexity_reg_t2":4.873857527096338e-05,"sparsity_reg_t5":0.0012727919599843777}