{"complexity_reg_t0":1.2836270000270646e-05,"sigma_elements_t0_table":{"_latest_artifact_path":"wandb-client-artifact://4tyu9ah6voiwmxm8yyqh54zd43did3zh5f5ui8yjnb95axsc8isa8m8zbteu7wcvczq8d92awno6ojl87y49hd0pno0gd8vdxnlfx2hp2z9prk6mw0oabbx7yhxko8yc:latest/sigma_elements_t0_table.table.json","path":"media/table/sigma_elements_t0_table_11_93af80f65b8bcca0c0b9.table.json","ncols":3,"nrows":1,"_type":"table-file","sha256":"93af80f65b8bcca0c0b9637ad92ee0010c276e3fd4a502209875a6d3c11d49b8","size":99,"artifact_path":"wandb-client-artifact://47muhuvg9xxgnxfgplist9ekme5p6r46f7tbugwxaublg7rxxhrrcv8ux180jyfc4ypv942maouqbezaddcou37y6fon3qpym8t2fq0i83qbu6ccjoblfc5d2l28is5h/sigma_elements_t0_table.table.json"},"penalty_t0":2.028391852100078,"score_t0":56.033489372154,"_runtime":2.20664,"cycle_loss_t0":1.9597786336673964,"sigma_0_1_t0":0.08505344025311465,"total_loss_t0":7.631740789315479,"_step":11,"_wandb":{"runtime":2},"_timestamp":1.7317723062707682e+09,"T":0,"cov_regularizer_t0":0,"sparsity_reg_t0":0.002253758555587061,"structure_loss_t0":0.06861321843268176,"mle_loss_t0":56.03122277732841,"iteration":3,"loss_comparison_t0_table":{"nrows":6,"_type":"table-file","sha256":"d2928cf984c08a15029e80a0e2643b769c6e4da5dc6f2fe93baa77058898b4d6","size":327,"artifact_path":"wandb-client-artifact://u2ltw9szwxxpkpv0zvvwiihnvg5cnsdnzyh62tm0eiy8j4tpmt2u8x69lmu4df4f85g6zqb8if47zn87y563uussju9jffyikyl0b0pcjul0lah3n0cwx4jtna5ejcx8/loss_comparison_t0_table.table.json","_latest_artifact_path":"wandb-client-artifact://l3n5csmn8rjrj6f9tbddzs0qrvpdfacdhi44iykf9bk27oytf6wvszdak48qw9qesjt3p0odkpplz50eyrb1st9n9vb5o9m3t0dh105ujnx2qdd56wjaqiz5c24hgw0i:latest/loss_comparison_t0_table.table.json","path":"media/table/loss_comparison_t0_table_10_d2928cf984c08a15029e.table.json","ncols":3}}