{"_step":2,"loss_comparison_t0_table":{"artifact_path":"wandb-client-artifact://f95d0hubigbprsszy6zklf7xgt74tfr88asov0hnbb9am2iyojfpu7wsk01s6netar5whty8vj25248o71k3i97tay7sftaxtj6nyznpawmwxh496u258ia9oxule0pm/loss_comparison_t0_table.table.json","_latest_artifact_path":"wandb-client-artifact://zxti6axmfzwt51jrhd32uotg1f7kum278pjdwhtw1suyxa61loy0zv5xc1m2uenid7xl5jqvsg4vgyiv0wyjfb9qqmzsqgfpjrib74hxshu8kbeq6dex2lm9pyzni0v4:latest/loss_comparison_t0_table.table.json","path":"media/table/loss_comparison_t0_table_1_4784324c54d88df2979f.table.json","ncols":3,"nrows":6,"_type":"table-file","sha256":"4784324c54d88df2979f51f958084d5f25f3fc410359f7b592889f54c3f9d779","size":337},"_wandb":{"runtime":2},"sparsity_reg_t0":1.8e-07,"cov_regularizer_t0":0,"sigma_0_1_t0":0.046374934924492,"total_loss_t0":14.685594019175308,"cycle_loss_t0":3.000000063380969e-08,"_runtime":2.143279,"score_t0":146.85593989093135,"_timestamp":1.7317722986779861e+09,"sigma_elements_t0_table":{"path":"media/table/sigma_elements_t0_table_2_98b96b2c6a620c60e97c.table.json","ncols":3,"nrows":1,"_type":"table-file","sha256":"98b96b2c6a620c60e97c89ee822b799ad1e21d593918740d5b94e4854cd9acf2","size":97,"artifact_path":"wandb-client-artifact://52k9bnuagdx0zy581twg4cvckr29c88olhfiikzim9gawpx2l9snom17rslk9661et7q7j5sv5ahtd8xcibdc7dgazwh1qlyxn6vaa4f6dmqtf1vp8de9b4lb7d765cu/sigma_elements_t0_table.table.json","_latest_artifact_path":"wandb-client-artifact://ulyrrsa7z354zfhu699janionkuygeghtuyh7dtqodbou6xdk2q4qpizak1c3jgabi1fkn36ix5v1las5di7yxx4ymegl3q4hlx14fvyeql1zwikirh5fp2e914yf012:latest/sigma_elements_t0_table.table.json"},"structure_loss_t0":8.2173357042783e-11,"complexity_reg_t0":0,"T":0,"penalty_t0":3.0082173990852474e-08,"iteration":0,"mle_loss_t0":146.85593971093135}