{"total_loss_t0":0.11679074541663179,"cycle_loss_t1":0.006350809317446693,"sigma_0_1_t4":2.684557998664036e-06,"structure_loss_t1":6.799605661300667e-07,"cov_regularizer_t4":0,"sparsity_reg_t5":0.0016102316447553278,"complexity_reg_t1":2.2216754631935298e-05,"penalty_t1":0.006351489278012823,"score_t5":1.4072112804764245,"sigma_0_1_t5":0.00010901374921083654,"total_loss_t2":0.03408716375466674,"mle_loss_t3":1.362905629970826,"mle_loss_t4":1.3977520707545943,"cycle_loss_t4":8.914877717103309e-05,"cov_regularizer_t2":0,"sparsity_reg_t1":0.0016087757373514386,"structure_loss_t3":3.1238475406685645e-09,"total_loss_t3":0.0178023130074116,"_step":32999,"_runtime":218.456405,"cov_regularizer_t3":0,"cov_regularizer_t5":0,"mle_loss_t1":1.179299873973861,"complexity_reg_t0":2.2289245226012835e-05,"complexity_reg_t5":2.1855119415188773e-05,"sigma_0_1_t2":-2.0480965075396293e-05,"sigma_0_1_t3":2.201395287462938e-05,"structure_loss_t2":2.712539025643765e-09,"penalty_t5":0.0006071031125032613,"complexity_reg_t3":2.195602286921012e-05,"structure_loss_t4":4.669514656939575e-11,"complexity_reg_t4":2.1309156098235726e-05,"mle_loss_t5":1.4055791937122541,"cycle_loss_t2":0.001426913184833456,"total_loss_t4":0.008835296511495776,"mle_loss_t0":0.8664809039527315,"structure_loss_t5":7.694679585851499e-08,"_timestamp":1.7333991169048178e+09,"structure_loss_t0":4.21252589834914e-07,"penalty_t4":8.914882386617966e-05,"cov_regularizer_t0":0,"score_t2":1.3064099142917704,"sparsity_reg_t2":0.0016096699834431119,"penalty_t2":0.0014269158973724816,"cov_regularizer_t1":0,"total_loss_t5":0.005004638363992088,"score_t4":1.3993836300207354,"T":5,"sigma_0_1_t1":-0.0003247468605070273,"complexity_reg_t2":2.218550749951908e-05,"cycle_loss_t0":0.029979158160776453,"total_loss_t1":0.06539803260130506,"mle_loss_t2":1.3047780588008278,"iteration":7999,"score_t0":0.8681116600326549,"score_t3":1.3645343337680627,"_wandb":{"runtime":186997},"cycle_loss_t3":0.0007456307114632743,"sigma_0_1_t0":-0.00025618310087861725,"penalty_t3":0.000745633835310815,"penalty_t0":0.02997957941336629,"sparsity_reg_t0":0.0016084668346975281,"cycle_loss_t5":0.0006070261657074028,"sparsity_reg_t4":0.0016102501100427517,"sparsity_reg_t3":0.0016067477743675427,"score_t1":1.1809308664658444}