{"cycle_loss_t2":0.1925722131331149,"_step":15509,"cov_regularizer_t2":0,"mle_loss_t3":-5.86782500814326,"cycle_loss_t3":0.1599897841317821,"total_loss_t0":-0.7579116608164678,"structure_loss_t0":0.06129515410088948,"structure_loss_t3":0.02891830202032583,"penalty_t3":0.18890808615210794,"structure_loss_t1":0.06257063754174175,"penalty_t0":0.34933872915457065,"complexity_reg_t2":0.0001687304907517236,"_runtime":228.394681,"penalty_t1":0.3009306741915415,"sigma_0_1_t1":-0.16934232228746066,"T":3,"sparsity_reg_t3":0.0032410477796130247,"mle_loss_t0":-11.075974702085336,"total_loss_t2":0.026683495103304727,"iteration":492,"score_t1":-9.889924364439103,"score_t2":-7.948532041828949,"score_t3":-5.864411337451994,"sparsity_reg_t0":0.0033110059228796916,"mle_loss_t2":-7.951971127239343,"sparsity_reg_t1":0.0032706250948043598,"sigma_0_1_t0":-0.1818498703666885,"score_t0":-11.072503899710384,"sigma_0_1_t3":-0.127392339079228,"_timestamp":1.731773864912788e+09,"_wandb":{"runtime":228},"structure_loss_t2":0.032824583015913567,"sigma_0_1_t2":-0.13528666152671268,"cov_regularizer_t1":0,"cycle_loss_t0":0.28804357505368117,"penalty_t2":0.22539679614902847,"sparsity_reg_t2":0.0032703549196419473,"complexity_reg_t3":0.00017262291165343023,"cycle_loss_t1":0.23836003664979977,"total_loss_t3":0.11560294443395801,"mle_loss_t1":-9.89335726433389,"cov_regularizer_t0":0,"complexity_reg_t0":0.00015979645207187912,"cov_regularizer_t3":0,"complexity_reg_t1":0.00016227479998132135,"total_loss_t1":-0.1935655440304137}